{
  "builtTestProducts" : [

  ],
  "copyCommands" : {

  },
  "explicitTargetDependencyImportCheckingMode" : {
    "none" : {

    }
  },
  "generatedSourceTargetSet" : [

  ],
  "pluginDescriptions" : [

  ],
  "swiftCommands" : {
    "C.SwiftLocalServer-arm64-apple-macosx26.0-debug.module" : {
      "executable" : "/Applications/Xcode.app/Contents/Developer/Toolchains/XcodeDefault.xctoolchain/usr/bin/swiftc",
      "fileList" : "/Users/koushikmudi/Documents/SwiftLocalServer/.build/arm64-apple-macosx/debug/SwiftLocalServer.build/sources",
      "importPath" : "/Users/koushikmudi/Documents/SwiftLocalServer/.build/arm64-apple-macosx/debug/Modules",
      "inputs" : [
        {
          "kind" : "file",
          "name" : "/Users/koushikmudi/Documents/SwiftLocalServer/Sources/SwiftLocalServer/SwiftLocalServer.swift"
        },
        {
          "kind" : "file",
          "name" : "/Users/koushikmudi/Documents/SwiftLocalServer/.build/arm64-apple-macosx/debug/swift-version--58304C5D6DBC2206.txt"
        },
        {
          "kind" : "file",
          "name" : "/Users/koushikmudi/Documents/SwiftLocalServer/.build/arm64-apple-macosx/debug/SwiftLocalServer.build/sources"
        }
      ],
      "isLibrary" : false,
      "moduleName" : "SwiftLocalServer",
      "moduleOutputPath" : "/Users/koushikmudi/Documents/SwiftLocalServer/.build/arm64-apple-macosx/debug/Modules/SwiftLocalServer.swiftmodule",
      "objects" : [
        "/Users/koushikmudi/Documents/SwiftLocalServer/.build/arm64-apple-macosx/debug/SwiftLocalServer.build/SwiftLocalServer.swift.o"
      ],
      "otherArguments" : [
        "-target",
        "arm64-apple-macosx10.15",
        "-incremental",
        "-enable-batch-mode",
        "-serialize-diagnostics",
        "-index-store-path",
        "/Users/koushikmudi/Documents/SwiftLocalServer/.build/arm64-apple-macosx/debug/index/store",
        "-Onone",
        "-enable-testing",
        "-j8",
        "-DSWIFT_PACKAGE",
        "-DDEBUG",
        "-DSWIFT_MODULE_RESOURCE_BUNDLE_UNAVAILABLE",
        "-module-cache-path",
        "/Users/koushikmudi/Documents/SwiftLocalServer/.build/arm64-apple-macosx/debug/ModuleCache",
        "-parseable-output",
        "-Xfrontend",
        "-entry-point-function-name",
        "-Xfrontend",
        "SwiftLocalServer_main",
        "-parse-as-library",
        "-color-diagnostics",
        "-swift-version",
        "6",
        "-plugin-path",
        "/Applications/Xcode.app/Contents/Developer/Toolchains/XcodeDefault.xctoolchain/usr/lib/swift/host/plugins/testing",
        "-sdk",
        "/Applications/Xcode.app/Contents/Developer/Platforms/MacOSX.platform/Developer/SDKs/MacOSX26.2.sdk",
        "-F",
        "/Applications/Xcode.app/Contents/Developer/Platforms/MacOSX.platform/Developer/Library/Frameworks",
        "-F",
        "/Applications/Xcode.app/Contents/Developer/Platforms/MacOSX.platform/Developer/Library/PrivateFrameworks",
        "-I",
        "/Applications/Xcode.app/Contents/Developer/Platforms/MacOSX.platform/Developer/usr/lib",
        "-L",
        "/Applications/Xcode.app/Contents/Developer/Platforms/MacOSX.platform/Developer/usr/lib",
        "-g",
        "-Xcc",
        "-isysroot",
        "-Xcc",
        "/Applications/Xcode.app/Contents/Developer/Platforms/MacOSX.platform/Developer/SDKs/MacOSX26.2.sdk",
        "-Xcc",
        "-F",
        "-Xcc",
        "/Applications/Xcode.app/Contents/Developer/Platforms/MacOSX.platform/Developer/Library/Frameworks",
        "-Xcc",
        "-F",
        "-Xcc",
        "/Applications/Xcode.app/Contents/Developer/Platforms/MacOSX.platform/Developer/Library/PrivateFrameworks",
        "-Xcc",
        "-fPIC",
        "-Xcc",
        "-g",
        "-package-name",
        "swiftlocalserver"
      ],
      "outputFileMapPath" : "/Users/koushikmudi/Documents/SwiftLocalServer/.build/arm64-apple-macosx/debug/SwiftLocalServer.build/output-file-map.json",
      "outputs" : [
        {
          "kind" : "file",
          "name" : "/Users/koushikmudi/Documents/SwiftLocalServer/.build/arm64-apple-macosx/debug/SwiftLocalServer.build/SwiftLocalServer.swift.o"
        },
        {
          "kind" : "file",
          "name" : "/Users/koushikmudi/Documents/SwiftLocalServer/.build/arm64-apple-macosx/debug/Modules/SwiftLocalServer.swiftmodule"
        }
      ],
      "prepareForIndexing" : false,
      "sources" : [
        "/Users/koushikmudi/Documents/SwiftLocalServer/Sources/SwiftLocalServer/SwiftLocalServer.swift"
      ],
      "tempsPath" : "/Users/koushikmudi/Documents/SwiftLocalServer/.build/arm64-apple-macosx/debug/SwiftLocalServer.build",
      "wholeModuleOptimization" : false
    }
  },
  "swiftFrontendCommands" : {

  },
  "swiftTargetScanArgs" : {
    "SwiftLocalServer" : [
      "/Applications/Xcode.app/Contents/Developer/Toolchains/XcodeDefault.xctoolchain/usr/bin/swiftc",
      "-module-name",
      "SwiftLocalServer",
      "-package-name",
      "swiftlocalserver",
      "-c",
      "/Users/koushikmudi/Documents/SwiftLocalServer/Sources/SwiftLocalServer/SwiftLocalServer.swift",
      "-I",
      "/Users/koushikmudi/Documents/SwiftLocalServer/.build/arm64-apple-macosx/debug/Modules",
      "-target",
      "arm64-apple-macosx10.15",
      "-incremental",
      "-enable-batch-mode",
      "-serialize-diagnostics",
      "-index-store-path",
      "/Users/koushikmudi/Documents/SwiftLocalServer/.build/arm64-apple-macosx/debug/index/store",
      "-Onone",
      "-enable-testing",
      "-j8",
      "-DSWIFT_PACKAGE",
      "-DDEBUG",
      "-DSWIFT_MODULE_RESOURCE_BUNDLE_UNAVAILABLE",
      "-module-cache-path",
      "/Users/koushikmudi/Documents/SwiftLocalServer/.build/arm64-apple-macosx/debug/ModuleCache",
      "-parseable-output",
      "-Xfrontend",
      "-entry-point-function-name",
      "-Xfrontend",
      "SwiftLocalServer_main",
      "-parse-as-library",
      "-color-diagnostics",
      "-swift-version",
      "6",
      "-plugin-path",
      "/Applications/Xcode.app/Contents/Developer/Toolchains/XcodeDefault.xctoolchain/usr/lib/swift/host/plugins/testing",
      "-sdk",
      "/Applications/Xcode.app/Contents/Developer/Platforms/MacOSX.platform/Developer/SDKs/MacOSX26.2.sdk",
      "-F",
      "/Applications/Xcode.app/Contents/Developer/Platforms/MacOSX.platform/Developer/Library/Frameworks",
      "-F",
      "/Applications/Xcode.app/Contents/Developer/Platforms/MacOSX.platform/Developer/Library/PrivateFrameworks",
      "-I",
      "/Applications/Xcode.app/Contents/Developer/Platforms/MacOSX.platform/Developer/usr/lib",
      "-L",
      "/Applications/Xcode.app/Contents/Developer/Platforms/MacOSX.platform/Developer/usr/lib",
      "-g",
      "-Xcc",
      "-isysroot",
      "-Xcc",
      "/Applications/Xcode.app/Contents/Developer/Platforms/MacOSX.platform/Developer/SDKs/MacOSX26.2.sdk",
      "-Xcc",
      "-F",
      "-Xcc",
      "/Applications/Xcode.app/Contents/Developer/Platforms/MacOSX.platform/Developer/Library/Frameworks",
      "-Xcc",
      "-F",
      "-Xcc",
      "/Applications/Xcode.app/Contents/Developer/Platforms/MacOSX.platform/Developer/Library/PrivateFrameworks",
      "-Xcc",
      "-fPIC",
      "-Xcc",
      "-g",
      "-package-name",
      "swiftlocalserver",
      "-driver-use-frontend-path",
      "/Applications/Xcode.app/Contents/Developer/Toolchains/XcodeDefault.xctoolchain/usr/bin/swiftc"
    ]
  },
  "targetDependencyMap" : {
    "SwiftLocalServer" : [

    ]
  },
  "testDiscoveryCommands" : {

  },
  "testEntryPointCommands" : {

  },
  "traitConfiguration" : {
    "default" : {

    }
  },
  "writeCommands" : {
    "/Users/koushikmudi/Documents/SwiftLocalServer/.build/arm64-apple-macosx/debug/SwiftLocalServer-entitlement.plist" : {
      "alwaysOutOfDate" : false,
      "inputs" : [
        {
          "kind" : "virtual",
          "name" : "<entitlement-plist>"
        },
        {
          "kind" : "virtual",
          "name" : "<com.apple.security.get-task-allow>"
        }
      ],
      "outputFilePath" : "/Users/koushikmudi/Documents/SwiftLocalServer/.build/arm64-apple-macosx/debug/SwiftLocalServer-entitlement.plist"
    },
    "/Users/koushikmudi/Documents/SwiftLocalServer/.build/arm64-apple-macosx/debug/SwiftLocalServer.build/sources" : {
      "alwaysOutOfDate" : false,
      "inputs" : [
        {
          "kind" : "virtual",
          "name" : "<sources-file-list>"
        },
        {
          "kind" : "file",
          "name" : "/Users/koushikmudi/Documents/SwiftLocalServer/Sources/SwiftLocalServer/SwiftLocalServer.swift"
        }
      ],
      "outputFilePath" : "/Users/koushikmudi/Documents/SwiftLocalServer/.build/arm64-apple-macosx/debug/SwiftLocalServer.build/sources"
    },
    "/Users/koushikmudi/Documents/SwiftLocalServer/.build/arm64-apple-macosx/debug/SwiftLocalServer.product/Objects.LinkFileList" : {
      "alwaysOutOfDate" : false,
      "inputs" : [
        {
          "kind" : "virtual",
          "name" : "<link-file-list>"
        },
        {
          "kind" : "file",
          "name" : "/Users/koushikmudi/Documents/SwiftLocalServer/.build/arm64-apple-macosx/debug/SwiftLocalServer.build/SwiftLocalServer.swift.o"
        }
      ],
      "outputFilePath" : "/Users/koushikmudi/Documents/SwiftLocalServer/.build/arm64-apple-macosx/debug/SwiftLocalServer.product/Objects.LinkFileList"
    },
    "/Users/koushikmudi/Documents/SwiftLocalServer/.build/arm64-apple-macosx/debug/swift-version--58304C5D6DBC2206.txt" : {
      "alwaysOutOfDate" : true,
      "inputs" : [
        {
          "kind" : "virtual",
          "name" : "<swift-get-version>"
        },
        {
          "kind" : "file",
          "name" : "/Applications/Xcode.app/Contents/Developer/Toolchains/XcodeDefault.xctoolchain/usr/bin/swiftc"
        }
      ],
      "outputFilePath" : "/Users/koushikmudi/Documents/SwiftLocalServer/.build/arm64-apple-macosx/debug/swift-version--58304C5D6DBC2206.txt"
    }
  }
}