{
  "": {
    "swift-dependencies": "/Users/koushikmudi/Documents/SwiftLocalServer/.build/arm64-apple-macosx/debug/SwiftLocalServer.build/master.swiftdeps"
  },
  "/Users/koushikmudi/Documents/SwiftLocalServer/Sources/SwiftLocalServer/SwiftLocalServer.swift": {
    "dependencies": "/Users/koushikmudi/Documents/SwiftLocalServer/.build/arm64-apple-macosx/debug/SwiftLocalServer.build/SwiftLocalServer.d",
    "object": "/Users/koushikmudi/Documents/SwiftLocalServer/.build/arm64-apple-macosx/debug/SwiftLocalServer.build/SwiftLocalServer.swift.o",
    "swiftmodule": "/Users/koushikmudi/Documents/SwiftLocalServer/.build/arm64-apple-macosx/debug/SwiftLocalServer.build/SwiftLocalServer~partial.swiftmodule",
    "swift-dependencies": "/Users/koushikmudi/Documents/SwiftLocalServer/.build/arm64-apple-macosx/debug/SwiftLocalServer.build/SwiftLocalServer.swiftdeps",
    "diagnostics": "/Users/koushikmudi/Documents/SwiftLocalServer/.build/arm64-apple-macosx/debug/SwiftLocalServer.build/SwiftLocalServer.dia"
  }
}
